PIB,Investissement,Consommation,Exportations,"Innovation 
 technologique","Politiques 
 gouvernementales",Inflation,"Taux de 
 chômage"
19.85023009611738,41.68414323530159,95.95211879759204,97.5716538540276,11.235181908218003,25.303412990196012,26.36789312953496,8.386205224861985
95.86958182042993,37.13969305434556,52.32736635785035,61.38634029548152,92.44698837919856,36.4494677487817,93.09870039124563,23.763419572209468
22.8400378263036,7.072017446236261,56.52442932384277,52.09395756538491,48.63629901497339,45.138251284414274,2.797478427178455,56.10214819130318
8.291043023719759,95.7840214194715,6.859613650928752,52.7548492327646,14.370783216147371,23.980084213048812,91.29396343353753,29.765080601804705
44.9965676081306,14.93990809769774,95.09485299627588,17.941388698318935,16.45940369699155,64.84394200942695,57.1182429518978,69.87507618617857
19.86965050473876,75.32459410072096,30.56325558201753,61.32876243209077,34.908565131016836,27.340443971476585,33.29921601847217,69.92180765520142
1.1703216897361157,1.5985637616542094,30.210193957740483,37.60997269474671,44.33418481991196,31.373277711656733,14.186743677455699,2.271649532063316
91.41663166027443,40.11467270664397,69.67330583122089,19.400711802404814,72.70527509678944,86.32521091249522,57.914775291020895,2.0730337302204167
41.072013698692764,50.579793647913576,97.1936864809356,93.92140024995021,70.19313047971518,37.10048781627475,66.8159303023804,83.80865916974273
18.875991776726377,75.21691877924826,94.50074410305064,49.655460296563945,14.396842902614242,56.938013629282246,74.92990475772493,37.95113663844833
49.917503163953306,99.21889233134193,23.573229232984076,44.12265880118144,93.22898697418361,50.74951795425387,51.62858100860216,74.58411388928856
87.87579997699241,78.20486732193888,37.43846915516688,71.02250252053987,70.59736926363293,53.99968410419754,95.14483954609334,24.439598594685666
