Ressources,Quantités
Professeurs,50.46598561608808
"Matériel 
 pédagogique",9.596472450381574
"Espaces 
 disponibles",76.08982448491929
Budget,26.30953023583718
Bibliothèque,62.96175534780436
Laboratoires,82.64029408112569
