annees,resultats
2010,71.04648505103481
2011,85.18465154770779
2012,85.8496707217596
2013,71.88114379305115
2014,95.06685999645602
2015,78.82976509409627
2016,94.31295357186774
2017,97.77454345505654
2018,83.01931035128885
2019,90.95558935558196
2020,76.98394940942683
2021,86.91437981896568
2022,80.72366044275414
