Indicateur,Score
"Taux de 
 mortalité",0.14017754782370861
"Taux de 
 survie",0.2381268780438751
"Taux de 
 complications",0.5583181681802178
"Taux de 
 réadmission",0.0864587443174678
"Satisfaction des 
 patients",0.44963637510195187
"Taux d'infection 
 nosocomiale",0.9895012073929379
"Taux d'erreur 
 médicale",0.9173424257589259
